Date,Arriving by date,Type,Confirmation Code,Booking date,Start date,End date,Nights,Guest,Listing,Details,Reference code,Currency,Amount,Paid out,Service fee,Fast pay fee,Cleaning fee,Gross earnings,Occupancy taxes,Earnings year
10/02/2024,10/04/2024,Reservation,HM000001XK,09/07/2024,10/01/2024,10/04/2024,3,Morgan Patel,Property name #1,,,USD,596.03,,18.43,,95.00,614.46,,2024
10/19/2024,10/21/2024,Reservation,HM000002XK,08/06/2024,10/18/2024,10/25/2024,7,Parker Lopez,Property name #1,,,USD,1255.37,,38.83,,95.00,1294.20,,2024
10/28/2024,10/30/2024,Reservation,HM000003XK,08/09/2024,10/27/2024,10/30/2024,3,Sam Smith,Property name #1,,,USD,604.13,,18.68,,95.00,622.81,,2024
11/01/2024,11/03/2024,Reservation,HM000004XK,09/29/2024,10/31/2024,11/04/2024,4,Drew Chen,Property name #1,,,USD,769.65,,23.80,,95.00,793.45,,2024
11/15/2024,11/17/2024,Reservation,HM000005XK,10/10/2024,11/14/2024,11/16/2024,2,Jordan Nguyen,Property name #1,,,USD,429.26,,13.28,,95.00,442.54,,2024
11/24/2024,11/26/2024,Reservation,HM000006XK,09/07/2024,11/23/2024,11/30/2024,7,Alex Smith,Property name #1,,,USD,1534.02,,47.44,,95.00,1581.46,,2024
12/03/2024,12/05/2024,Reservation,HM000007XK,09/08/2024,12/02/2024,12/04/2024,2,Casey Kim,Property name #1,,,USD,497.39,,15.38,,95.00,512.77,,2024
12/17/2024,12/19/2024,Reservation,HM000008XK,11/13/2024,12/16/2024,12/18/2024,2,Quinn Davis,Property name #1,,,USD,511.82,,15.83,,95.00,527.65,,2024
12/20/2024,12/22/2024,Reservation,HM000009XK,11/27/2024,12/19/2024,12/23/2024,4,Avery Garcia,Property name #1,,,USD,916.29,,28.34,,95.00,944.63,,2024
12/29/2024,12/31/2024,Reservation,HM000010XK,12/05/2024,12/28/2024,12/31/2024,3,Sam Davis,Property name #1,,,USD,717.63,,22.19,,95.00,739.82,,2024
01/17/2025,01/19/2025,Reservation,HM000011XK,12/19/2024,01/16/2025,01/20/2025,4,Avery Smith,Property name #1,,,USD,894.33,,27.66,,95.00,921.99,,2025
01/23/2025,01/25/2025,Reservation,HM000012XK,11/05/2024,01/22/2025,01/26/2025,4,Taylor Miller,Property name #1,,,USD,842.07,,26.04,,95.00,868.11,,2025
02/12/2025,02/14/2025,Reservation,HM000013XK,01/29/2025,02/11/2025,02/16/2025,5,Avery Smith,Property name #1,,,USD,1036.34,,32.05,,95.00,1068.39,,2025
02/18/2025,02/20/2025,Reservation,HM000014XK,01/17/2025,02/17/2025,02/21/2025,4,Drew Miller,Property name #1,,,USD,833.62,,25.78,,95.00,859.40,,2025
03/29/2025,03/31/2025,Reservation,HM000015XK,01/24/2025,03/28/2025,04/01/2025,4,Avery Patel,Property name #1,,,USD,912.02,,28.21,,95.00,940.23,,2025
04/08/2025,04/10/2025,Reservation,HM000016XK,03/02/2025,04/07/2025,04/10/2025,3,Riley Miller,Property name #1,,,USD,728.83,,22.54,,95.00,751.37,,2025
05/29/2025,05/31/2025,Reservation,HM000017XK,04/10/2025,05/28/2025,05/30/2025,2,Alex Kim,Property name #1,,,USD,461.28,,14.27,,95.00,475.55,,2025
06/03/2025,06/05/2025,Reservation,HM000018XK,04/05/2025,06/02/2025,06/05/2025,3,Parker Brown,Property name #1,,,USD,601.61,,18.61,,95.00,620.22,,2025
06/07/2025,06/09/2025,Reservation,HM000019XK,05/23/2025,06/06/2025,06/11/2025,5,Taylor Lopez,Property name #1,,,USD,958.79,,29.65,,95.00,988.44,,2025
07/01/2025,07/03/2025,Reservation,HM000020XK,05/12/2025,06/30/2025,07/05/2025,5,Parker Lopez,Property name #1,,,USD,959.89,,29.69,,95.00,989.58,,2025
09/02/2025,09/04/2025,Reservation,HM000021XK,06/10/2025,09/01/2025,09/03/2025,2,Morgan Brown,Property name #1,,,USD,490.87,,15.18,,95.00,506.05,,2025
09/06/2025,09/08/2025,Reservation,HM000022XK,08/24/2025,09/05/2025,09/08/2025,3,Alex Nguyen,Property name #1,,,USD,587.04,,18.16,,95.00,605.20,,2025
09/23/2025,09/25/2025,Reservation,HM000023XK,08/17/2025,09/22/2025,09/27/2025,5,Sam Lopez,Property name #1,,,USD,972.47,,30.08,,95.00,1002.55,,2025
10/05/2025,10/07/2025,Reservation,HM000024XK,07/28/2025,10/04/2025,10/07/2025,3,Morgan Garcia,Property name #1,,,USD,729.45,,22.56,,95.00,752.01,,2025
10/10/2025,10/12/2025,Reservation,HM000025XK,08/08/2025,10/09/2025,10/11/2025,2,Taylor Kim,Property name #1,,,USD,490.58,,15.17,,95.00,505.75,,2025
11/11/2025,11/13/2025,Reservation,HM000026XK,09/13/2025,11/10/2025,11/13/2025,3,Riley Nguyen,Property name #1,,,USD,679.13,,21.00,,95.00,700.13,,2025
12/15/2025,12/17/2025,Reservation,HM000027XK,11/03/2025,12/14/2025,12/17/2025,3,Riley Davis,Property name #1,,,USD,644.14,,19.92,,95.00,664.06,,2025
12/19/2025,12/21/2025,Reservation,HM000028XK,10/21/2025,12/18/2025,12/20/2025,2,Sam Kim,Property name #1,,,USD,516.17,,15.96,,95.00,532.13,,2025
12/30/2025,01/01/2026,Reservation,HM000029XK,10/07/2025,12/29/2025,01/01/2026,3,Avery Patel,Property name #1,,,USD,678.19,,20.98,,95.00,699.17,,2025
01/08/2026,01/10/2026,Reservation,HM000030XK,10/29/2025,01/07/2026,01/09/2026,2,Jordan Kim,Property name #1,,,USD,444.29,,13.74,,95.00,458.03,,2026
01/11/2026,01/13/2026,Reservation,HM000031XK,10/26/2025,01/10/2026,01/13/2026,3,Alex Miller,Property name #1,,,USD,665.66,,20.59,,95.00,686.25,,2026
01/31/2026,02/02/2026,Reservation,HM000032XK,11/25/2025,01/30/2026,02/01/2026,2,Jamie Miller,Property name #1,,,USD,461.69,,14.28,,95.00,475.97,,2026
02/13/2026,02/15/2026,Reservation,HM000033XK,12/13/2025,02/12/2026,02/14/2026,2,Alex Brown,Property name #1,,,USD,489.21,,15.13,,95.00,504.34,,2026
03/28/2026,03/30/2026,Reservation,HM000034XK,12/31/2025,03/27/2026,03/29/2026,2,Sam Smith,Property name #1,,,USD,442.68,,13.69,,95.00,456.37,,2026
04/04/2026,04/06/2026,Reservation,HM000035XK,01/11/2026,04/03/2026,04/06/2026,3,Riley Davis,Property name #1,,,USD,684.97,,21.18,,95.00,706.15,,2026
06/06/2026,06/08/2026,Reservation,HM000036XK,05/05/2026,06/05/2026,06/07/2026,2,Jordan Kim,Property name #1,,,USD,449.99,,13.92,,95.00,463.91,,2026
07/06/2026,07/08/2026,Reservation,HM000037XK,06/19/2026,07/05/2026,07/10/2026,5,Alex Patel,Property name #1,,,USD,1035.01,,32.01,,95.00,1067.02,,2026
07/23/2026,07/25/2026,Reservation,HM000038XK,06/19/2026,07/22/2026,07/25/2026,3,Drew Smith,Property name #1,,,USD,599.90,,18.55,,95.00,618.45,,2026
08/23/2026,08/25/2026,Reservation,HM000039XK,07/18/2026,08/22/2026,08/29/2026,7,Sam Davis,Property name #1,,,USD,1422.11,,43.98,,95.00,1466.09,,2026
09/06/2026,09/08/2026,Reservation,HM000040XK,08/02/2026,09/05/2026,09/10/2026,5,Riley Davis,Property name #1,,,USD,1032.70,,31.94,,95.00,1064.64,,2026
09/25/2026,09/27/2026,Reservation,HM000041XK,09/16/2026,09/24/2026,09/29/2026,5,Quinn Lopez,Property name #1,,,USD,1139.76,,35.25,,95.00,1175.01,,2026
10/01/2026,10/03/2026,Reservation,HM000042XK,08/21/2026,09/30/2026,10/07/2026,7,Avery Miller,Property name #1,,,USD,1275.18,,39.44,,95.00,1314.62,,2026
10/16/2026,10/18/2026,Reservation,HM000043XK,09/16/2026,10/15/2026,10/18/2026,3,Parker Patel,Property name #1,,,USD,671.00,,20.75,,95.00,691.75,,2026
11/13/2026,11/15/2026,Reservation,HM000044XK,10/12/2026,11/12/2026,11/15/2026,3,Quinn Smith,Property name #1,,,USD,666.87,,20.62,,95.00,687.49,,2026
11/24/2026,11/26/2026,Reservation,HM000045XK,09/01/2026,11/23/2026,11/27/2026,4,Jordan Chen,Property name #1,,,USD,843.53,,26.09,,95.00,869.62,,2026
11/29/2026,12/01/2026,Reservation,HM000046XK,09/01/2026,11/28/2026,12/01/2026,3,Avery Nguyen,Property name #1,,,USD,657.89,,20.35,,95.00,678.24,,2026
10/05/2024,10/07/2024,Reservation,HM000047XK,07/31/2024,10/04/2024,10/09/2024,5,Jamie Miller,Property name #2,,,USD,883.27,,27.32,,95.00,910.59,,2024
11/02/2024,11/04/2024,Reservation,HM000048XK,08/05/2024,11/01/2024,11/06/2024,5,Alex Chen,Property name #2,,,USD,714.51,,22.10,,95.00,736.61,,2024
11/15/2024,11/17/2024,Reservation,HM000049XK,09/22/2024,11/14/2024,11/17/2024,3,Alex Lopez,Property name #2,,,USD,468.72,,14.50,,95.00,483.22,,2024
12/15/2024,12/17/2024,Reservation,HM000050XK,09/28/2024,12/14/2024,12/18/2024,4,Riley Miller,Property name #2,,,USD,613.31,,18.97,,95.00,632.28,,2024
12/22/2024,12/24/2024,Reservation,HM000051XK,10/16/2024,12/21/2024,12/23/2024,2,Alex Patel,Property name #2,,,USD,361.98,,11.20,,95.00,373.18,,2024
12/25/2024,12/27/2024,Reservation,HM000052XK,11/15/2024,12/24/2024,12/27/2024,3,Drew Chen,Property name #2,,,USD,494.86,,15.30,,95.00,510.16,,2024
12/30/2024,01/01/2025,Reservation,HM000053XK,11/27/2024,12/29/2024,01/03/2025,5,Quinn Smith,Property name #2,,,USD,802.05,,24.81,,95.00,826.86,,2024
02/16/2025,02/18/2025,Reservation,HM000054XK,01/02/2025,02/15/2025,02/17/2025,2,Jordan Smith,Property name #2,,,USD,348.15,,10.77,,95.00,358.92,,2025
02/20/2025,02/22/2025,Reservation,HM000055XK,02/12/2025,02/19/2025,02/22/2025,3,Parker Nguyen,Property name #2,,,USD,566.80,,17.53,,95.00,584.33,,2025
02/28/2025,03/02/2025,Reservation,HM000056XK,02/13/2025,02/27/2025,03/02/2025,3,Sam Miller,Property name #2,,,USD,499.05,,15.43,,95.00,514.48,,2025
03/22/2025,03/24/2025,Reservation,HM000057XK,02/18/2025,03/21/2025,03/23/2025,2,Casey Brown,Property name #2,,,USD,367.44,,11.36,,95.00,378.80,,2025
04/24/2025,04/26/2025,Reservation,HM000058XK,04/04/2025,04/23/2025,04/26/2025,3,Alex Lopez,Property name #2,,,USD,473.93,,14.66,,95.00,488.59,,2025
05/03/2025,05/05/2025,Reservation,HM000059XK,02/23/2025,05/02/2025,05/04/2025,2,Jordan Chen,Property name #2,,,USD,371.83,,11.50,,95.00,383.33,,2025
05/13/2025,05/15/2025,Reservation,HM000060XK,05/04/2025,05/12/2025,05/15/2025,3,Casey Chen,Property name #2,,,USD,482.40,,14.92,,95.00,497.32,,2025
05/29/2025,05/31/2025,Reservation,HM000061XK,04/15/2025,05/28/2025,05/31/2025,3,Morgan Smith,Property name #2,,,USD,508.28,,15.72,,95.00,524.00,,2025
06/14/2025,06/16/2025,Reservation,HM000062XK,05/24/2025,06/13/2025,06/16/2025,3,Casey Brown,Property name #2,,,USD,568.63,,17.59,,95.00,586.22,,2025
07/01/2025,07/03/2025,Reservation,HM000063XK,05/06/2025,06/30/2025,07/07/2025,7,Riley Kim,Property name #2,,,USD,1144.35,,35.39,,95.00,1179.74,,2025
07/10/2025,07/12/2025,Reservation,HM000064XK,07/03/2025,07/09/2025,07/11/2025,2,Taylor Smith,Property name #2,,,USD,388.24,,12.01,,95.00,400.25,,2025
07/22/2025,07/24/2025,Reservation,HM000065XK,05/28/2025,07/21/2025,07/24/2025,3,Morgan Kim,Property name #2,,,USD,515.73,,15.95,,95.00,531.68,,2025
07/27/2025,07/29/2025,Reservation,HM000066XK,05/28/2025,07/26/2025,07/29/2025,3,Jamie Garcia,Property name #2,,,USD,475.03,,14.69,,95.00,489.72,,2025
08/04/2025,08/06/2025,Reservation,HM000067XK,07/23/2025,08/03/2025,08/10/2025,7,Drew Patel,Property name #2,,,USD,1168.08,,36.13,,95.00,1204.21,,2025
08/16/2025,08/18/2025,Reservation,HM000068XK,08/04/2025,08/15/2025,08/17/2025,2,Drew Nguyen,Property name #2,,,USD,400.45,,12.39,,95.00,412.84,,2025
08/23/2025,08/25/2025,Reservation,HM000069XK,07/29/2025,08/22/2025,08/27/2025,5,Taylor Smith,Property name #2,,,USD,753.62,,23.31,,95.00,776.93,,2025
09/13/2025,09/15/2025,Reservation,HM000070XK,08/14/2025,09/12/2025,09/15/2025,3,Taylor Kim,Property name #2,,,USD,566.79,,17.53,,95.00,584.32,,2025
10/14/2025,10/16/2025,Reservation,HM000071XK,07/30/2025,10/13/2025,10/17/2025,4,Sam Patel,Property name #2,,,USD,739.45,,22.87,,95.00,762.32,,2025
10/22/2025,10/24/2025,Reservation,HM000072XK,10/06/2025,10/21/2025,10/26/2025,5,Parker Miller,Property name #2,,,USD,840.56,,26.00,,95.00,866.56,,2025
10/28/2025,10/30/2025,Reservation,HM000073XK,08/31/2025,10/27/2025,11/01/2025,5,Riley Kim,Property name #2,,,USD,727.93,,22.51,,95.00,750.44,,2025
11/19/2025,11/21/2025,Reservation,HM000074XK,11/07/2025,11/18/2025,11/21/2025,3,Alex Garcia,Property name #2,,,USD,483.16,,14.94,,95.00,498.10,,2025
12/11/2025,12/13/2025,Reservation,HM000075XK,10/23/2025,12/10/2025,12/13/2025,3,Taylor Lopez,Property name #2,,,USD,481.82,,14.90,,95.00,496.72,,2025
12/19/2025,12/21/2025,Reservation,HM000076XK,11/11/2025,12/18/2025,12/21/2025,3,Taylor Chen,Property name #2,,,USD,487.09,,15.06,,95.00,502.15,,2025
01/03/2026,01/05/2026,Reservation,HM000077XK,10/28/2025,01/02/2026,01/05/2026,3,Jamie Brown,Property name #2,,,USD,558.92,,17.29,,95.00,576.21,,2026
01/27/2026,01/29/2026,Reservation,HM000078XK,12/26/2025,01/26/2026,01/28/2026,2,Alex Nguyen,Property name #2,,,USD,404.05,,12.50,,95.00,416.55,,2026
03/03/2026,03/05/2026,Reservation,HM000079XK,12/30/2025,03/02/2026,03/09/2026,7,Taylor Davis,Property name #2,,,USD,1217.39,,37.65,,95.00,1255.04,,2026
04/11/2026,04/13/2026,Reservation,HM000080XK,01/23/2026,04/10/2026,04/13/2026,3,Parker Patel,Property name #2,,,USD,463.49,,14.33,,95.00,477.82,,2026
04/18/2026,04/20/2026,Reservation,HM000081XK,02/19/2026,04/17/2026,04/19/2026,2,Casey Garcia,Property name #2,,,USD,369.92,,11.44,,95.00,381.36,,2026
05/13/2026,05/15/2026,Reservation,HM000082XK,04/30/2026,05/12/2026,05/19/2026,7,Morgan Nguyen,Property name #2,,,USD,1085.58,,33.57,,95.00,1119.15,,2026
05/28/2026,05/30/2026,Reservation,HM000083XK,03/10/2026,05/27/2026,05/30/2026,3,Avery Nguyen,Property name #2,,,USD,477.70,,14.77,,95.00,492.47,,2026
06/24/2026,06/26/2026,Reservation,HM000084XK,05/18/2026,06/23/2026,06/26/2026,3,Morgan Smith,Property name #2,,,USD,540.43,,16.71,,95.00,557.14,,2026
07/04/2026,07/06/2026,Reservation,HM000085XK,04/07/2026,07/03/2026,07/06/2026,3,Jordan Brown,Property name #2,,,USD,509.41,,15.76,,95.00,525.17,,2026
07/28/2026,07/30/2026,Reservation,HM000086XK,05/23/2026,07/27/2026,08/01/2026,5,Sam Lopez,Property name #2,,,USD,791.68,,24.49,,95.00,816.17,,2026
08/19/2026,08/21/2026,Reservation,HM000087XK,06/07/2026,08/18/2026,08/25/2026,7,Sam Garcia,Property name #2,,,USD,1079.13,,33.38,,95.00,1112.51,,2026
09/08/2026,09/10/2026,Reservation,HM000088XK,08/14/2026,09/07/2026,09/09/2026,2,Drew Davis,Property name #2,,,USD,368.91,,11.41,,95.00,380.32,,2026
09/13/2026,09/15/2026,Reservation,HM000089XK,08/25/2026,09/12/2026,09/16/2026,4,Casey Kim,Property name #2,,,USD,609.00,,18.84,,95.00,627.84,,2026
09/25/2026,09/27/2026,Reservation,HM000090XK,07/11/2026,09/24/2026,09/26/2026,2,Jamie Patel,Property name #2,,,USD,345.46,,10.68,,95.00,356.14,,2026
09/28/2026,09/30/2026,Reservation,HM000091XK,09/06/2026,09/27/2026,09/29/2026,2,Jordan Davis,Property name #2,,,USD,375.92,,11.63,,95.00,387.55,,2026
10/13/2026,10/15/2026,Reservation,HM000092XK,07/19/2026,10/12/2026,10/14/2026,2,Sam Patel,Property name #2,,,USD,387.14,,11.97,,95.00,399.11,,2026
10/20/2026,10/22/2026,Reservation,HM000093XK,07/25/2026,10/19/2026,10/23/2026,4,Jamie Garcia,Property name #2,,,USD,612.99,,18.96,,95.00,631.95,,2026
11/07/2026,11/09/2026,Reservation,HM000094XK,09/24/2026,11/06/2026,11/08/2026,2,Taylor Garcia,Property name #2,,,USD,367.84,,11.38,,95.00,379.22,,2026
11/29/2026,12/01/2026,Reservation,HM000095XK,10/26/2026,11/28/2026,12/01/2026,3,Jordan Brown,Property name #2,,,USD,551.39,,17.05,,95.00,568.44,,2026
12/03/2026,12/05/2026,Reservation,HM000096XK,09/20/2026,12/02/2026,12/04/2026,2,Riley Lopez,Property name #2,,,USD,405.77,,12.55,,95.00,418.32,,2026
10/08/2024,10/10/2024,Reservation,HM000097XK,08/16/2024,10/07/2024,10/12/2024,5,Parker Nguyen,Property name #3,,,USD,1466.84,,45.37,,95.00,1512.21,,2024
10/28/2024,10/30/2024,Reservation,HM000098XK,10/22/2024,10/27/2024,10/29/2024,2,Avery Nguyen,Property name #3,,,USD,601.10,,18.59,,95.00,619.69,,2024
11/07/2024,11/09/2024,Reservation,HM000099XK,10/02/2024,11/06/2024,11/09/2024,3,Morgan Nguyen,Property name #3,,,USD,934.53,,28.90,,95.00,963.43,,2024
12/18/2024,12/20/2024,Reservation,HM000100XK,11/29/2024,12/17/2024,12/20/2024,3,Quinn Nguyen,Property name #3,,,USD,957.40,,29.61,,95.00,987.01,,2024
12/23/2024,12/25/2024,Reservation,HM000101XK,11/02/2024,12/22/2024,12/24/2024,2,Taylor Garcia,Property name #3,,,USD,589.60,,18.23,,95.00,607.83,,2024
02/02/2025,02/04/2025,Reservation,HM000102XK,01/21/2025,02/01/2025,02/03/2025,2,Casey Brown,Property name #3,,,USD,553.43,,17.12,,95.00,570.55,,2025
02/13/2025,02/15/2025,Reservation,HM000103XK,11/16/2024,02/12/2025,02/15/2025,3,Riley Davis,Property name #3,,,USD,881.15,,27.25,,95.00,908.40,,2025
02/19/2025,02/21/2025,Reservation,HM000104XK,02/05/2025,02/18/2025,02/20/2025,2,Avery Nguyen,Property name #3,,,USD,550.83,,17.04,,95.00,567.87,,2025
02/23/2025,02/25/2025,Reservation,HM000105XK,02/01/2025,02/22/2025,02/24/2025,2,Taylor Davis,Property name #3,,,USD,578.89,,17.90,,95.00,596.79,,2025
03/26/2025,03/28/2025,Reservation,HM000106XK,01/21/2025,03/25/2025,04/01/2025,7,Jordan Brown,Property name #3,,,USD,2198.90,,68.01,,95.00,2266.91,,2025
04/05/2025,04/07/2025,Reservation,HM000107XK,01/25/2025,04/04/2025,04/07/2025,3,Jamie Davis,Property name #3,,,USD,960.43,,29.70,,95.00,990.13,,2025
04/23/2025,04/25/2025,Reservation,HM000108XK,02/12/2025,04/22/2025,04/26/2025,4,Alex Patel,Property name #3,,,USD,1085.93,,33.59,,95.00,1119.52,,2025
05/01/2025,05/03/2025,Reservation,HM000109XK,03/09/2025,04/30/2025,05/03/2025,3,Jamie Miller,Property name #3,,,USD,947.14,,29.29,,95.00,976.43,,2025
05/05/2025,05/07/2025,Reservation,HM000110XK,04/06/2025,05/04/2025,05/06/2025,2,Morgan Lopez,Property name #3,,,USD,599.93,,18.55,,95.00,618.48,,2025
05/14/2025,05/16/2025,Reservation,HM000111XK,02/16/2025,05/13/2025,05/15/2025,2,Quinn Smith,Property name #3,,,USD,609.98,,18.87,,95.00,628.85,,2025
06/02/2025,06/04/2025,Reservation,HM000112XK,04/24/2025,06/01/2025,06/03/2025,2,Morgan Patel,Property name #3,,,USD,621.95,,19.24,,95.00,641.19,,2025
06/14/2025,06/16/2025,Reservation,HM000113XK,04/23/2025,06/13/2025,06/18/2025,5,Drew Smith,Property name #3,,,USD,1487.79,,46.01,,95.00,1533.80,,2025
06/27/2025,06/29/2025,Reservation,HM000114XK,04/16/2025,06/26/2025,06/30/2025,4,Jamie Miller,Property name #3,,,USD,1262.77,,39.05,,95.00,1301.82,,2025
07/23/2025,07/25/2025,Reservation,HM000115XK,05/31/2025,07/22/2025,07/25/2025,3,Sam Brown,Property name #3,,,USD,904.55,,27.98,,95.00,932.53,,2025
07/29/2025,07/31/2025,Reservation,HM000116XK,06/11/2025,07/28/2025,07/31/2025,3,Parker Davis,Property name #3,,,USD,833.80,,25.79,,95.00,859.59,,2025
08/03/2025,08/05/2025,Reservation,HM000117XK,06/29/2025,08/02/2025,08/05/2025,3,Drew Miller,Property name #3,,,USD,937.23,,28.99,,95.00,966.22,,2025
08/30/2025,09/01/2025,Reservation,HM000118XK,06/04/2025,08/29/2025,09/01/2025,3,Taylor Garcia,Property name #3,,,USD,938.49,,29.03,,95.00,967.52,,2025
09/21/2025,09/23/2025,Reservation,HM000119XK,06/27/2025,09/20/2025,09/24/2025,4,Parker Kim,Property name #3,,,USD,1240.63,,38.37,,95.00,1279.00,,2025
10/11/2025,10/13/2025,Reservation,HM000120XK,09/19/2025,10/10/2025,10/12/2025,2,Morgan Chen,Property name #3,,,USD,588.61,,18.20,,95.00,606.81,,2025
10/21/2025,10/23/2025,Reservation,HM000121XK,07/29/2025,10/20/2025,10/22/2025,2,Alex Miller,Property name #3,,,USD,612.17,,18.93,,95.00,631.10,,2025
11/13/2025,11/15/2025,Reservation,HM000122XK,10/10/2025,11/12/2025,11/16/2025,4,Alex Lopez,Property name #3,,,USD,1001.74,,30.98,,95.00,1032.72,,2025
11/24/2025,11/26/2025,Reservation,HM000123XK,10/11/2025,11/23/2025,11/27/2025,4,Alex Davis,Property name #3,,,USD,1195.94,,36.99,,95.00,1232.93,,2025
12/01/2025,12/03/2025,Reservation,HM000124XK,10/10/2025,11/30/2025,12/02/2025,2,Jamie Lopez,Property name #3,,,USD,643.19,,19.89,,95.00,663.08,,2025
12/11/2025,12/13/2025,Reservation,HM000125XK,11/18/2025,12/10/2025,12/12/2025,2,Morgan Garcia,Property name #3,,,USD,582.79,,18.02,,95.00,600.81,,2025
12/14/2025,12/16/2025,Reservation,HM000126XK,11/07/2025,12/13/2025,12/20/2025,7,Morgan Miller,Property name #3,,,USD,1691.42,,52.31,,95.00,1743.73,,2025
12/24/2025,12/26/2025,Reservation,HM000127XK,12/06/2025,12/23/2025,12/26/2025,3,Quinn Brown,Property name #3,,,USD,814.64,,25.20,,95.00,839.84,,2025
01/08/2026,01/10/2026,Reservation,HM000128XK,11/30/2025,01/07/2026,01/10/2026,3,Jordan Kim,Property name #3,,,USD,994.31,,30.75,,95.00,1025.06,,2026
01/12/2026,01/14/2026,Reservation,HM000129XK,10/16/2025,01/11/2026,01/13/2026,2,Alex Miller,Property name #3,,,USD,690.07,,21.34,,95.00,711.41,,2026
01/23/2026,01/25/2026,Reservation,HM000130XK,11/02/2025,01/22/2026,01/25/2026,3,Jamie Miller,Property name #3,,,USD,819.62,,25.35,,95.00,844.97,,2026
02/03/2026,02/05/2026,Reservation,HM000131XK,11/23/2025,02/02/2026,02/06/2026,4,Jamie Patel,Property name #3,,,USD,1124.26,,34.77,,95.00,1159.03,,2026
02/18/2026,02/20/2026,Reservation,HM000132XK,02/05/2026,02/17/2026,02/19/2026,2,Parker Davis,Property name #3,,,USD,687.25,,21.25,,95.00,708.50,,2026
03/25/2026,03/27/2026,Reservation,HM000133XK,01/26/2026,03/24/2026,03/26/2026,2,Quinn Brown,Property name #3,,,USD,641.23,,19.83,,95.00,661.06,,2026
04/13/2026,04/15/2026,Reservation,HM000134XK,01/15/2026,04/12/2026,04/17/2026,5,Avery Patel,Property name #3,,,USD,1582.62,,48.95,,95.00,1631.57,,2026
04/25/2026,04/27/2026,Reservation,HM000135XK,01/31/2026,04/24/2026,05/01/2026,7,Sam Garcia,Property name #3,,,USD,1925.76,,59.56,,95.00,1985.32,,2026
05/11/2026,05/13/2026,Reservation,HM000136XK,02/14/2026,05/10/2026,05/13/2026,3,Quinn Miller,Property name #3,,,USD,816.93,,25.27,,95.00,842.20,,2026
05/15/2026,05/17/2026,Reservation,HM000137XK,03/09/2026,05/14/2026,05/19/2026,5,Quinn Lopez,Property name #3,,,USD,1282.38,,39.66,,95.00,1322.04,,2026
05/29/2026,05/31/2026,Reservation,HM000138XK,04/05/2026,05/28/2026,05/30/2026,2,Jamie Brown,Property name #3,,,USD,644.41,,19.93,,95.00,664.34,,2026
06/14/2026,06/16/2026,Reservation,HM000139XK,03/17/2026,06/13/2026,06/18/2026,5,Morgan Garcia,Property name #3,,,USD,1487.12,,45.99,,95.00,1533.11,,2026
07/01/2026,07/03/2026,Reservation,HM000140XK,05/27/2026,06/30/2026,07/03/2026,3,Jamie Lopez,Property name #3,,,USD,845.80,,26.16,,95.00,871.96,,2026
07/12/2026,07/14/2026,Reservation,HM000141XK,06/30/2026,07/11/2026,07/16/2026,5,Riley Lopez,Property name #3,,,USD,1284.83,,39.74,,95.00,1324.57,,2026
07/22/2026,07/24/2026,Reservation,HM000142XK,05/07/2026,07/21/2026,07/26/2026,5,Sam Miller,Property name #3,,,USD,1523.65,,47.12,,95.00,1570.77,,2026
08/03/2026,08/05/2026,Reservation,HM000143XK,05/23/2026,08/02/2026,08/07/2026,5,Jordan Patel,Property name #3,,,USD,1232.71,,38.13,,95.00,1270.84,,2026
08/13/2026,08/15/2026,Reservation,HM000144XK,05/17/2026,08/12/2026,08/15/2026,3,Taylor Davis,Property name #3,,,USD,829.84,,25.67,,95.00,855.51,,2026
08/23/2026,08/25/2026,Reservation,HM000145XK,07/15/2026,08/22/2026,08/24/2026,2,Alex Lopez,Property name #3,,,USD,664.88,,20.56,,95.00,685.44,,2026
09/08/2026,09/10/2026,Reservation,HM000146XK,07/23/2026,09/07/2026,09/12/2026,5,Taylor Miller,Property name #3,,,USD,1457.19,,45.07,,95.00,1502.26,,2026
09/17/2026,09/19/2026,Reservation,HM000147XK,07/31/2026,09/16/2026,09/19/2026,3,Parker Patel,Property name #3,,,USD,817.88,,25.30,,95.00,843.18,,2026
09/24/2026,09/26/2026,Reservation,HM000148XK,06/30/2026,09/23/2026,09/26/2026,3,Taylor Kim,Property name #3,,,USD,799.64,,24.73,,95.00,824.37,,2026
10/06/2026,10/08/2026,Reservation,HM000149XK,08/01/2026,10/05/2026,10/08/2026,3,Jamie Chen,Property name #3,,,USD,899.57,,27.82,,95.00,927.39,,2026
10/18/2026,10/20/2026,Reservation,HM000150XK,10/12/2026,10/17/2026,10/22/2026,5,Sam Miller,Property name #3,,,USD,1320.33,,40.83,,95.00,1361.16,,2026
11/15/2026,11/17/2026,Reservation,HM000151XK,08/27/2026,11/14/2026,11/18/2026,4,Riley Chen,Property name #3,,,USD,1150.66,,35.59,,95.00,1186.25,,2026
11/21/2026,11/23/2026,Reservation,HM000152XK,10/25/2026,11/20/2026,11/24/2026,4,Sam Brown,Property name #3,,,USD,1204.64,,37.26,,95.00,1241.90,,2026
12/02/2026,12/04/2026,Reservation,HM000153XK,09/08/2026,12/01/2026,12/03/2026,2,Casey Nguyen,Property name #3,,,USD,649.40,,20.08,,95.00,669.48,,2026
12/07/2026,12/09/2026,Reservation,HM000154XK,11/13/2026,12/06/2026,12/09/2026,3,Alex Lopez,Property name #3,,,USD,805.89,,24.92,,95.00,830.81,,2026
09/01/2026,,Payout,,,,,,,,Transfer to Bank ****1234,,USD,,4210.55,,,,,,2026
