Book number,Booked by,Guest name(s),Check-in,Check-out,Booked on,Status,Rooms,People,Price,Commission %,Commission amount,Payment status,Booker country,Travel purpose,Duration (nights)
4000000000,"Miller, Morgan",Avery Davis,2025-06-16,2025-06-23,2025-03-19 10:12:00,ok,1,1,1519.5 USD,15,227.92 USD,Paid,mx,Leisure,7
4000000001,"Kim, Taylor",Jordan Smith,2025-06-29,2025-07-02,2025-04-25 10:12:00,ok,1,2,705.5 USD,15,105.83 USD,Paid,au,Leisure,3
4000000002,"Davis, Quinn",Jordan Miller,2025-07-11,2025-07-15,2025-06-10 10:12:00,ok,1,5,909.0 USD,15,136.35 USD,Paid,jp,Leisure,4
4000000003,"Lopez, Drew",Sam Davis,2025-07-20,2025-07-23,2025-06-02 10:12:00,ok,1,1,705.5 USD,15,105.83 USD,Paid,ca,Leisure,3
4000000004,"Smith, Quinn",Quinn Chen,2025-07-30,2025-08-02,2025-05-16 10:12:00,cancelled_by_guest,1,2,705.5 USD,15,105.83 USD,Paid,us,Leisure,3
4000000005,"Garcia, Jordan",Morgan Nguyen,2025-08-03,2025-08-10,2025-06-22 10:12:00,ok,1,1,1519.5 USD,15,227.92 USD,Paid,de,Leisure,7
4000000006,"Garcia, Riley",Avery Kim,2025-08-15,2025-08-18,2025-06-08 10:12:00,ok,1,3,705.5 USD,15,105.83 USD,Paid,us,Leisure,3
4000000007,"Lopez, Jordan",Casey Smith,2025-08-25,2025-08-28,2025-06-17 10:12:00,ok,1,4,705.5 USD,15,105.83 USD,Paid,jp,Leisure,3
4000000008,"Davis, Jordan",Jamie Davis,2025-09-02,2025-09-09,2025-06-25 10:12:00,ok,1,5,1519.5 USD,15,227.92 USD,Paid,us,Leisure,7
4000000009,"Nguyen, Morgan",Drew Lopez,2025-09-15,2025-09-17,2025-06-19 10:12:00,ok,1,4,502.0 USD,15,75.30 USD,Paid,us,Leisure,2
4000000010,"Smith, Quinn",Morgan Davis,2025-09-25,2025-10-02,2025-09-05 10:12:00,ok,1,5,1519.5 USD,15,227.92 USD,Paid,us,Leisure,7
4000000011,"Chen, Morgan",Avery Nguyen,2025-10-08,2025-10-10,2025-08-24 10:12:00,ok,1,1,502.0 USD,15,75.30 USD,Paid,au,Leisure,2
4000000012,"Patel, Sam",Quinn Smith,2025-10-15,2025-10-17,2025-07-27 10:12:00,ok,1,4,502.0 USD,15,75.30 USD,Paid,us,Leisure,2
4000000013,"Smith, Quinn",Quinn Nguyen,2025-10-19,2025-10-26,2025-10-09 10:12:00,cancelled_by_guest,1,1,1519.5 USD,15,227.92 USD,Paid,ca,Leisure,7
