confirmation,city,region,country
HM000001XK,Denver,CO,US
HM000002XK,Chicago,IL,US
HM000003XK,San Diego,CA,US
HM000005XK,Denver,CO,US
HM000006XK,Boston,MA,US
HM000007XK,Denver,CO,US
HM000009XK,Minneapolis,MN,US
HM000010XK,Denver,CO,US
HM000011XK,Minneapolis,MN,US
HM000012XK,Seattle,WA,US
HM000018XK,Denver,CO,US
HM000021XK,Boston,MA,US
HM000022XK,Boston,MA,US
HM000024XK,Minneapolis,MN,US
HM000025XK,Denver,CO,US
HM000027XK,Minneapolis,MN,US
HM000028XK,Seattle,WA,US
HM000029XK,Minneapolis,MN,US
HM000030XK,Austin,TX,US
HM000031XK,San Diego,CA,US
HM000033XK,Denver,CO,US
HM000034XK,Portland,OR,US
HM000035XK,Boston,MA,US
HM000036XK,Denver,CO,US
HM000037XK,Austin,TX,US
HM000038XK,Boston,MA,US
HM000039XK,Atlanta,GA,US
HM000042XK,Austin,TX,US
HM000043XK,Austin,TX,US
HM000047XK,Seattle,WA,US
HM000050XK,San Diego,CA,US
HM000051XK,Boston,MA,US
HM000054XK,San Diego,CA,US
HM000057XK,Chicago,IL,US
HM000058XK,Boston,MA,US
HM000059XK,Minneapolis,MN,US
HM000060XK,Portland,OR,US
HM000061XK,Austin,TX,US
HM000062XK,Nashville,TN,US
HM000063XK,Nashville,TN,US
HM000066XK,Boston,MA,US
HM000067XK,Atlanta,GA,US
HM000068XK,Portland,OR,US
HM000069XK,Minneapolis,MN,US
HM000071XK,San Diego,CA,US
HM000073XK,Boston,MA,US
HM000074XK,Denver,CO,US
HM000075XK,Seattle,WA,US
HM000077XK,Boston,MA,US
HM000078XK,Denver,CO,US
HM000084XK,Nashville,TN,US
HM000086XK,Chicago,IL,US
HM000087XK,Minneapolis,MN,US
HM000089XK,Denver,CO,US
HM000090XK,Austin,TX,US
HM000093XK,Austin,TX,US
HM000094XK,Seattle,WA,US
HM000095XK,Nashville,TN,US
HM000096XK,Seattle,WA,US
HM000099XK,Seattle,WA,US
HM000101XK,Seattle,WA,US
HM000104XK,Austin,TX,US
HM000106XK,San Diego,CA,US
HM000107XK,Minneapolis,MN,US
HM000108XK,Chicago,IL,US
HM000111XK,Boston,MA,US
HM000113XK,Atlanta,GA,US
HM000115XK,Seattle,WA,US
HM000116XK,Denver,CO,US
HM000117XK,Seattle,WA,US
HM000119XK,Seattle,WA,US
HM000120XK,Portland,OR,US
HM000124XK,Chicago,IL,US
HM000125XK,Portland,OR,US
HM000128XK,Denver,CO,US
HM000129XK,Nashville,TN,US
HM000130XK,Atlanta,GA,US
HM000132XK,Austin,TX,US
HM000133XK,Chicago,IL,US
HM000137XK,Boston,MA,US
HM000139XK,Boston,MA,US
HM000141XK,Nashville,TN,US
HM000144XK,Seattle,WA,US
HM000147XK,San Diego,CA,US
HM000148XK,Denver,CO,US
HM000150XK,Austin,TX,US
HM000151XK,Portland,OR,US
HM000153XK,San Diego,CA,US
