Reservation ID,Property name,Status,Guest name,Check-in,Check-out,Nights,Guests,Booked on,Total amount,Payout
HA-8800,Property name #3,Booked,Alex Garcia,03/28/2025,04/01/2025,4,5,02/18/2025,"$1,212.00","$1,115.04"
HA-8801,Property name #3,Booked,Taylor Smith,04/10/2025,04/13/2025,3,2,02/03/2025,$939.00,$863.88
HA-8802,Property name #3,Booked,Jordan Miller,04/22/2025,04/26/2025,4,4,03/23/2025,"$1,212.00","$1,115.04"
HA-8803,Property name #3,Booked,Parker Chen,04/30/2025,05/02/2025,2,5,04/01/2025,$666.00,$612.72
HA-8804,Property name #3,Booked,Taylor Davis,05/04/2025,05/06/2025,2,7,03/23/2025,$666.00,$612.72
HA-8805,Property name #3,Booked,Morgan Nguyen,05/12/2025,05/16/2025,4,7,02/24/2025,"$1,212.00","$1,115.04"
HA-8806,Property name #3,Cancelled,Taylor Kim,05/22/2025,05/25/2025,3,4,03/12/2025,$939.00,$863.88
HA-8807,Property name #3,Booked,Drew Patel,05/28/2025,05/30/2025,2,7,05/18/2025,$666.00,$612.72
HA-8808,Property name #3,Booked,Taylor Miller,06/07/2025,06/10/2025,3,5,05/20/2025,$939.00,$863.88
HA-8809,Property name #3,Booked,Sam Chen,06/16/2025,06/21/2025,5,8,04/13/2025,"$1,485.00","$1,366.20"
HA-8810,Property name #3,Booked,Sam Brown,06/23/2025,06/25/2025,2,3,05/09/2025,$666.00,$612.72
HA-8811,Property name #3,Booked,Parker Patel,06/26/2025,06/29/2025,3,3,05/17/2025,$939.00,$863.88
HA-8812,Property name #3,Booked,Jordan Kim,07/08/2025,07/12/2025,4,4,07/01/2025,"$1,212.00","$1,115.04"
HA-8813,Property name #3,Booked,Jordan Miller,07/14/2025,07/16/2025,2,2,06/13/2025,$666.00,$612.72
HA-8814,Property name #3,Booked,Jordan Kim,07/24/2025,07/28/2025,4,8,05/08/2025,"$1,212.00","$1,115.04"
HA-8815,Property name #3,Booked,Avery Chen,08/01/2025,08/04/2025,3,2,06/22/2025,$939.00,$863.88
HA-8816,Property name #3,Booked,Taylor Garcia,08/11/2025,08/13/2025,2,4,06/10/2025,$666.00,$612.72
HA-8817,Property name #3,Booked,Jordan Patel,08/16/2025,08/19/2025,3,7,08/07/2025,$939.00,$863.88
